Sample	Collection Date	Latitude	Longitude	Ecotype	Haplotype	GenBank Accession#	Sex
15Tt127	05/14/05	29.9190	-85.4244	Coastal	GTtr19	AY997307	Male
15Tt133=15Tt140	05/09/05	30.1171	-85.7436	Coastal	GTtr23	GQ504062	Male
16Tt016	07/18/05	30.3150	-88.6501	Coastal	Ttr2	AY997308	Male
16Tt017	07/20/05	30.2556	-88.8862	Coastal	GTtr45	JN944196	Male
16Tt018	07/20/05	30.2225	-88.9240	Coastal	GTtr54	JN944205	Male
16Tt019	07/22/05	30.2206	-88.9441	Coastal	GTtr54	JN944205	Male
16Tt020=27Tt023	07/22/05	30.2200	-88.9596	Offshore	OTtr21	GQ504085	Male
16Tt021	07/22/05	30.2170	-88.9770	Coastal	GTtr45	JN944196	Male
16Tt022	07/25/05	30.2782	-88.6746	Coastal	GTtr45	JN944196	Female
16Tt023	07/25/05	30.2300	-88.6781	Coastal	GTtr30	AY997311	Male
16Tt024	07/27/05	30.1285	-88.5077	Coastal	GTtr45	JN944196	Female
16Tt025=16Tt053=27Tt073	07/28/05	30.3172	-88.4396	Coastal	16Tt025hpl	MT380110	Male
16Tt026	07/28/05	30.2988	-88.5726	Coastal	GTtr45	JN944196	Male
16Tt027	07/29/05	30.3028	-88.5577	Coastal	Ttr2	AY997308	Male
16Tt029	07/29/05	30.3117	-88.4557	Coastal	GTtr45	JN944196	Male
16Tt030	08/01/05	30.2378	-88.8990	Coastal	Ttr2	AY997308	Female
16Tt031	08/01/05	30.2155	-88.9629	Coastal	Ttr16	AY997309	Male
16Tt032	08/01/05	30.2170	-88.9565	Coastal	Ttr16	AY997309	Female
16Tt033	08/01/05	30.1932	-88.9884	Coastal	Ttr16	AY997309	Male
16Tt034	08/03/05	30.2210	-88.9352	Coastal	Ttr16	AY997309	Female
16Tt035	08/03/05	30.2228	-88.9389	Coastal	GTtr30	AY997311	Male
16Tt036	08/04/05	30.3356	-88.5619	Coastal	GTtr45	JN944196	Male
16Tt037	08/05/05	30.3083	-88.5350	Coastal	GTtr45	JN944196	Male
16Tt038	08/08/05	30.1865	-88.5659	Coastal	GTtr45	JN944196	Male
16Tt039	08/09/05	30.1680	-88.3669	Coastal	GTtr45	JN944196	Female
16Tt040	08/09/05	30.1327	-88.4914	Coastal	GTtr45	JN944196	Female
16Tt041	08/09/05	30.2072	-88.4998	Coastal	GTtr45	JN944196	Male
16Tt042	08/10/05	30.2158	-88.9129	Coastal	Ttr16	AY997309	Male
16Tt043	08/11/05	30.2084	-88.9502	Coastal	GTtr45	JN944196	Male
16Tt044	08/11/05	30.2072	-88.9857	Coastal	Ttr2	AY997308	Male
16Tt045	08/11/05	30.2090	-88.9870	Coastal	GTtr45	JN944196	Male
16Tt046	08/11/05	30.2188	-89.0018	Coastal	Ttr16	AY997309	Male
16Tt047	08/12/05	30.3203	-88.5122	Coastal	GTtr45	JN944196	Male
16Tt048	08/12/05	30.2981	-88.5244	Coastal	GTtr45	JN944196	Male
16Tt049	08/12/05	30.3040	-88.5601	Coastal	GTtr45	JN944196	Female
16Tt050	08/12/05	30.3013	-88.5787	Coastal	Ttr16	AY997309	Female
16Tt051	08/14/05	30.3924	-88.8213	Coastal	Ttr16	AY997309	Female
16Tt052	08/14/05	30.3792	-88.8231	Coastal	GTtr30	AY997311	Male
16Tt054	08/15/05	30.3168	-88.4624	Coastal	GTtr45	JN944196	Male
16Tt055	08/15/05	30.3037	-88.4861	Coastal	GTtr45	JN944196	Female
16Tt056	08/15/05	30.3149	-88.4321	Coastal	GTtr45	JN944196	Female
16Tt057	08/17/05	30.3717	-88.8258	Coastal	Ttr2	AY997308	Male
16Tt058	08/18/05	30.2571	-88.8527	Coastal	16Tt058hpl	MT380111	Female
16Tt059=16Tt064	08/18/05	30.2066	-88.9802	Coastal	GTtr54	JN944205	Male
16Tt060	08/18/05	30.2073	-88.9847	Coastal	GTtr30	AY997311	Male
16Tt061	08/18/05	30.2064	-88.9860	Coastal	GTtr45	JN944196	Female
16Tt062	08/19/05	30.2223	-89.0573	Coastal	Ttr2	AY997308	Male
16Tt063	08/19/05	30.2199	-89.0733	Coastal	Ttr16	AY997309	Male
16Tt065	08/19/05	30.2078	-89.1146	Coastal	16Tt065hpl	MT380112	Male
16Tt066=8Tt182	08/23/05	30.2164	-88.9390	Coastal	8Tt182hpl	JN944244	Female
16Tt067	08/24/05	30.2028	-89.0999	Coastal	GTtr30	AY997311	Male
16Tt068	08/24/05	30.2084	-89.1108	Coastal	GTtr30	AY997311	Male
16Tt069	08/25/05	30.2279	-89.1662	Coastal	16Tt069hpl	MT380113	Male
16Tt070=27Tt117	08/19/05	30.2002	-88.4296	Coastal	Ttr16	AY997309	Male
16Tt071	08/19/05	30.1935	-88.4348	Coastal	GTtr45	JN944196	Female
16Tt072	08/20/05	30.1962	-88.4581	Offshore	OTtr21	GQ504085	Male
16Tt073	08/20/05	30.1968	-88.4657	Coastal	GTtr45	JN944196	Female
16Tt074	08/20/05	30.1968	-88.3891	Coastal	GTtr45	JN944196	Male
16Tt075	08/23/05	30.2003	-88.4985	Coastal	GTtr45	JN944196	Male
16Tt076	08/23/05	30.1968	-88.4662	Coastal	Ttr16	AY997309	Male
16Tt077	08/23/05	30.2067	-88.4071	Coastal	Ttr16	AY997309	Male
16Tt078	08/23/05	30.2047	-88.5132	Coastal	GTtr45	JN944196	Male
16Tt079	08/24/05	30.1995	-88.1365	Coastal	GTtr45	JN944196	Female
16Tt080	08/25/05	30.2197	-88.6086	Coastal	GTtr45	JN944196	Female
16Tt081	08/25/05	30.2275	-88.7682	Coastal	16Tt081hpl	MT380114	Male
16Tt082=27Tt042	08/26/05	30.3068	-88.5953	Coastal	Ttr2	AY997308	Male
16Tt083=27Tt109	08/26/05	30.3006	-88.5862	Coastal	Ttr2	AY997308	Female
16Tt084	10/09/05	30.2970	-88.4738	Coastal	GTtr45	JN944196	Female
16Tt085	10/09/05	30.3370	-88.3163	Coastal	GTtr45	JN944196	Female
16Tt086	10/09/05	30.3406	-88.4043	Coastal	GTtr45	JN944196	Female
16Tt087	10/09/05	30.3366	-88.4099	Coastal	GTtr45	JN944196	Male
16Tt088	10/11/05	30.3946	-88.8302	Coastal	Ttr16	AY997309	Male
16Tt089	10/11/05	30.3910	-88.8959	Coastal	Ttr2	AY997308	Male
16Tt090	10/11/05	30.3589	-88.8561	Coastal	Ttr16	AY997309	Female
16Tt091	10/12/05	30.2272	-88.6569	Coastal	Ttr2	AY997308	Female
16Tt092	10/13/05	30.3728	-88.8775	Coastal	Ttr16	AY997309	Female
16Tt093	10/13/05	30.3161	-88.5288	Coastal	GTtr30	AY997311	Female
16Tt094	10/14/05	30.1987	-88.4346	Coastal	GTtr45	JN944196	Female
16Tt095	10/14/05	30.1924	-88.4573	Coastal	GTtr56	JN944207	Male
16Tt096	10/20/05	30.1890	-88.4494	Coastal	GTtr45	JN944196	Male
16Tt097	10/20/05	30.1747	-88.4573	Coastal	Ttr2	AY997308	Male
16Tt098	10/20/05	30.1724	-88.4669	Coastal	GTtr45	JN944196	Male
16Tt099	10/21/05	30.1958	-88.6053	Coastal	Ttr16	AY997309	Male
16Tt100	08/23/05	30.3326	-88.5584	Coastal	GTtr45	JN944196	Male
16Tt101	08/23/05	30.3027	-88.5128	Coastal	GTtr45	JN944196	Female
16Tt102	08/24/05	30.3042	-88.5298	Coastal	GTtr45	JN944196	Male
16Tt103	08/24/05	30.3129	-88.5398	Coastal	Ttr2	AY997308	Female
16Tt104	08/24/05	30.2905	-88.5166	Coastal	GTtr45	JN944196	Male
16Tt105	08/24/05	30.2882	-88.5156	Coastal	GTtr45	JN944196	Male
16Tt106	08/24/05	30.2585	-88.5103	Coastal	GTtr45	JN944196	Male
16Tt107	08/24/05	30.3127	-88.5081	Coastal	GTtr45	JN944196	Male
16Tt108	08/24/05	30.3067	-88.5030	Coastal	GTtr45	JN944196	Female
16Tt109=16Tt112	08/25/05	30.2751	-88.5113	Coastal	Ttr2	AY997308	Male
16Tt110	08/25/05	30.2880	-88.5137	Coastal	Ttr16	AY997309	Male
16Tt111	08/25/05	30.2860	-88.5144	Coastal	16Tt111hpl	MT380115	Male
16Tt113	08/26/05	30.2647	-88.5106	Coastal	GTtr45	JN944196	Female
16Tt114	08/26/05	30.2654	-88.5097	Coastal	GTtr45	JN944196	Male
16Tt115	09/29/05	30.3399	-88.4018	Coastal	GTtr45	JN944196	Female
16Tt116	09/30/05	30.3503	-89.1002	Coastal	Ttr2	AY997308	Male
16Tt117	09/30/05	30.3562	-89.0329	Coastal	Ttr16	AY997309	Female
16Tt123	09/01/06	30.2062	-88.4968	Coastal	GTtr30	AY997311	Male
16Tt124	09/06/06	30.2270	-88.2923	Coastal	GTtr45	JN944196	Male
16Tt125	09/06/06	30.2390	-88.1979	Coastal	GTtr45	JN944196	Male
16Tt126	09/06/06	30.2386	-88.1276	Coastal	Ttr16	AY997309	Female
16Tt127	09/06/06	30.2010	-88.4224	Coastal	Ttr16	AY997309	Male
16Tt128	09/14/06	30.1403	-88.0714	Coastal	Ttr2	AY997308	Male
16Tt129	09/15/06	30.2378	-88.7460	Coastal	GTtr45	JN944196	Male
16Tt130	09/15/06	30.2395	-88.7099	Coastal	Ttr16	AY997309	Female
16Tt131	09/16/06	30.1803	-88.4203	Coastal	GTtr45	JN944196	Male
16Tt132	09/16/06	30.1805	-88.4369	Coastal	GTtr45	JN944196	Male
16Tt133	09/20/06	30.3860	-88.9325	Coastal	16Tt133hpl	MT380116	Female
16Tt134	09/20/06	30.3369	-89.0811	Coastal	Ttr16	AY997309	Male
16Tt135	09/20/06	30.3336	-89.0854	Coastal	Ttr16	AY997309	Female
16Tt136	09/21/06	30.2381	-88.7269	Coastal	Ttr2	AY997308	Male
16Tt137	09/26/06	30.3675	-88.3309	Coastal	GTtr45	JN944196	Male
16Tt138	09/26/06	30.3417	-88.2713	Coastal	GTtr45	JN944196	Male
16Tt139	09/26/06	30.3577	-88.2829	Coastal	GTtr45	JN944196	Female
16Tt140	09/26/06	30.1219	-88.4140	Offshore	OTtr23	GQ504087	Male
16Tt141	09/26/06	30.1185	-88.4142	Offshore	OTtr4	GQ504068	Female
16Tt142	09/30/06	30.1459	-88.5621	Coastal	GTtr45	JN944196	Female
16Tt143	09/30/06	30.1102	-88.5542	Coastal	GTtr45	JN944196	Male
16Tt144	09/30/06	30.1282	-88.5778	Coastal	16Tt144hpl	MT380117	Male
16Tt145	09/30/06	30.1383	-88.3753	Coastal	Ttr16	AY997309	Male
16Tt146	10/02/06	30.1670	-88.4665	Coastal	GTtr54	JN944205	Male
16Tt147	10/02/06	30.1705	-88.4744	Coastal	GTtr54	JN944205	Male
16Tt148	10/02/06	30.0853	-88.4705	Coastal	Ttr2	AY997308	Female
16Tt149	10/03/06	30.0935	-88.5376	Coastal	GTtr45	JN944196	Female
16Tt150	10/04/06	30.1466	-88.6301	Coastal	GTtr45	JN944196	Male
16Tt151	10/06/06	30.2328	-88.2513	Coastal	Ttr2	AY997308	Male
16Tt152	10/06/06	30.2194	-88.1131	Coastal	Ttr16	AY997309	Female
16Tt153	10/08/06	30.3902	-88.8629	Coastal	GTtr30	AY997311	Male
16Tt154	10/09/06	30.2316	-88.6902	Coastal	GTtr45	JN944196	Male
16Tt155	10/08/06	30.2295	-88.7457	Coastal	GTtr45	JN944196	Male
16Tt156	10/10/06	30.2186	-88.1572	Coastal	Ttr16	AY997309	Male
16Tt157	10/10/06	30.1483	-88.5728	Coastal	Ttr16	AY997309	Male
16Tt158	10/11/06	30.2589	-88.7562	Coastal	Ttr2	AY997308	Male
16Tt159	10/12/06	30.2036	-89.1126	Coastal	Ttr2	AY997308	Male
16Tt196=27Tt016=27Tt110	06/26/07	30.3592	-88.8429	Coastal	Ttr2	AY997308	Male
16Tt197	06/26/07	30.3364	-88.8386	Coastal	Ttr16	AY997309	Male
16Tt198	06/26/07	30.3821	-88.9273	Coastal	Ttr2	AY997308	Female
16Tt199	06/26/07	30.2328	-88.2614	Coastal	GTtr45	JN944196	Male
16Tt200	06/26/07	30.3292	-88.3146	Coastal	16Tt200hpl	MT380118	Female
16Tt201	06/27/07	30.3871	-88.8432	Coastal	Ttr2	AY997308	Female
16Tt202	06/27/07	30.2465	-88.2543	Coastal	16Tt200hpl	MT380118	Male
16Tt203	06/27/07	30.2846	-88.2525	Coastal	16Tt203hpl	MT380119	Female
16Tt204	06/27/07	30.3618	-88.3102	Coastal	GTtr45	JN944196	Female
16Tt205	01/07/13	30.2586	-89.2753	Coastal	Ttr2	AY997308	Female
16Tt206	01/07/13	30.1713	-89.3516	Coastal	GTtr18	GQ504051	Female
16Tt207	01/07/13	30.1842	-89.3396	Coastal	Ttr2	AY997308	Male
16Tt208	01/11/13	30.2705	-89.1421	Coastal	GTtr18	GQ504051	Female
16Tt209	01/11/13	30.3032	-89.1124	Coastal	Ttr16	AY997309	Male
16Tt210	01/11/13	30.3167	-89.0731	Coastal	Ttr16	AY997309	Male
16Tt211	01/13/13	30.3066	-89.1041	Coastal	Ttr16	AY997309	Male
16Tt212	01/14/13	30.3435	-89.1404	Coastal	GTtr23	GQ504062	Female
16Tt213	01/18/13	30.2901	-89.0590	Coastal	GTtr53	JN944204	Female
16Tt214	01/19/13	30.3098	-89.0474	Coastal	Ttr16	AY997309	Female
16Tt215	01/19/13	30.2956	-89.1244	Coastal	GTtr30	AY997311	Female
16Tt216=16Tt281	01/19/13	30.2628	-89.1808	Coastal	Ttr2	AY997308	Male
16Tt217	01/19/13	30.2655	-89.1024	Coastal	Ttr16	AY997309	Female
16Tt218	01/20/13	30.2646	-89.0850	Coastal	Ttr16	AY997309	Female
16Tt219	01/20/13	30.2703	-89.0835	Coastal	16Tt219hpl	MT380120	Female
16Tt220	01/20/13	30.2808	-89.0638	Coastal	Ttr16	AY997309	Male
16Tt221	01/20/13	30.2775	-89.0553	Coastal	Ttr16	AY997309	Female
16Tt222	01/21/13	30.2784	-89.0765	Coastal	GTtr53	JN944204	Female
16Tt223	01/21/13	30.2748	-89.0716	Coastal	GTtr30	AY997311	Male
16Tt224	01/21/13	30.2934	-89.0202	Coastal	Ttr16	AY997309	Male
16Tt225	01/23/13	30.3048	-89.1466	Coastal	GTtr30	AY997311	Male
16Tt226	01/23/13	30.2357	-89.1936	Coastal	GTtr30	AY997311	Female
16Tt227	01/23/13	30.2600	-89.1063	Coastal	Ttr16	AY997309	Female
16Tt228	01/23/13	30.2675	-89.0654	Coastal	GTtr30	AY997311	Female
16Tt229	01/23/13	30.2846	-89.0276	Coastal	Ttr16	AY997309	Female
16Tt230	01/23/13	30.2730	-89.1329	Coastal	Ttr16	AY997309	Male
16Tt231	01/24/13	30.2826	-89.1800	Coastal	GTtr30	AY997311	Male
16Tt232	01/24/13	30.2778	-89.1740	Coastal	GTtr30	AY997311	Male
16Tt233	01/24/13	30.2580	-89.1825	Coastal	Ttr16	AY997309	Female
16Tt234	01/24/13	30.2608	-89.1392	Coastal	Ttr2	AY997308	Male
16Tt235	01/24/13	30.3192	-89.0567	Coastal	Ttr16	AY997309	Female
16Tt236	08/12/13	30.3293	-89.1381	Coastal	Ttr16	AY997309	Female
16Tt237	08/12/13	30.2940	-89.2848	Coastal	GTtr30	AY997311	Male
16Tt238	08/12/13	30.3304	-89.1441	Coastal	Ttr16	AY997309	Male
16Tt239	08/13/13	30.3488	-89.0482	Coastal	GTtr53	JN944204	Male
16Tt240	08/13/13	30.3427	-89.3427	Coastal	GTtr30	AY997311	Female
16Tt241	08/13/13	30.3208	-89.2016	Coastal	GTtr30	AY997311	Male
16Tt242	08/13/13	30.3400	-89.1486	Coastal	GTtr30	AY997311	Male
16Tt243	08/15/13	30.3193	-89.3019	Coastal	GTtr30	AY997311	Female
16Tt244=16Tt252	08/15/13	30.3140	-89.2922	Coastal	Ttr2	AY997308	Female
16Tt245	08/15/13	30.2118	-89.3672	Coastal	GTtr30	AY997311	Female
16Tt246	08/15/13	30.2842	-89.0280	Coastal	Ttr16	AY997309	Male
16Tt247	08/15/13	30.2925	-89.0742	Coastal	Ttr16	AY997309	Female
16Tt248	08/16/13	30.3759	-89.0263	Coastal	Ttr2	AY997308	Female
16Tt249	08/16/13	30.3341	-89.1185	Coastal	Ttr16	AY997309	Female
16Tt250	08/16/13	30.3054	-89.3075	Coastal	GTtr18	GQ504051	Male
16Tt251	08/16/13	30.3043	-89.3114	Coastal	Ttr16	AY997309	Male
16Tt253	08/19/13	30.1778	-89.4708	Coastal	Ttr2	AY997308	Female
16Tt254	08/19/13	30.3278	-89.1497	Coastal	Ttr2	AY997308	Male
16Tt255	08/19/13	30.3381	-89.0721	Coastal	Ttr16	AY997309	Male
16Tt256	08/19/13	30.3342	-89.0075	Coastal	Ttr16	AY997309	Male
16Tt257	08/19/13	30.3434	-89.0032	Coastal	16Tt144hpl	MT380117	Male
16Tt258	08/19/13	30.3067	-89.0492	Coastal	Ttr16	AY997309	Male
16Tt259	08/19/13	30.2994	-89.0197	Coastal	Ttr16	AY997309	Female
16Tt260	08/20/13	30.2740	-89.0877	Coastal	16Tt069hpl	MT380113	Male
16Tt261	08/20/13	30.3305	-89.1198	Coastal	Ttr16	AY997309	Male
16Tt262	08/22/13	30.3454	-89.0950	Coastal	Ttr2	AY997308	Female
16Tt263	08/22/13	30.3875	-88.9485	Coastal	Ttr2	AY997308	Male
16Tt264	08/22/13	30.3125	-89.2961	Coastal	Ttr2	AY997308	Male
16Tt265	08/22/13	30.3080	-89.3004	Coastal	Ttr2	AY997308	Male
16Tt266	08/22/13	30.3045	-89.3091	Coastal	Ttr2	AY997308	Male
16Tt267=25Tt031	08/22/13	30.2769	-89.3513	Coastal	Ttr2	AY997308	Male
16Tt268	08/22/13	30.2573	-89.3828	Coastal	GTtr30	AY997311	Male
16Tt269	08/23/13	30.3402	-89.1507	Coastal	16Tt269hpl	MT380121	Female
16Tt270	08/23/13	30.3477	-89.1212	Coastal	Ttr2	AY997308	Male
16Tt271	08/26/13	30.4280	-88.9310	Coastal	Ttr16	AY997309	Male
16Tt272	08/27/13	30.2684	-89.2164	Coastal	Ttr2	AY997308	Female
16Tt273	08/27/13	30.2972	-89.1381	Coastal	Ttr16	AY997309	Male
16Tt274	08/27/13	30.2693	-89.1607	Coastal	Ttr16	AY997309	Female
16Tt276	08/28/13	30.3873	-88.9171	Coastal	GTtr45	JN944196	Female
16Tt277	08/28/13	30.3209	-88.9155	Coastal	Ttr16	AY997309	Female
16Tt278	08/28/13	30.2796	-89.0751	Coastal	Ttr16	AY997309	Female
16Tt279	08/28/13	30.2327	-89.4057	Coastal	Ttr16	AY997309	Male
16Tt280	08/29/13	30.2997	-89.1957	Coastal	Ttr16	AY997309	Male
16Tt282	08/29/13	30.2454	-89.3182	Coastal	Ttr16	AY997309	Male
16Tt283	08/29/13	30.2312	-89.3448	Coastal	GTtr68	MT380133	Male
16Tt284	08/29/13	30.3176	-88.9505	Coastal	Ttr16	AY997309	Female
16Tt285	08/29/13	30.3203	-88.9621	Coastal	Ttr16	AY997309	Male
17Tt054	09/20/18	30.2359	-88.1118	Coastal	GTtr45	JN944196	Female
17Tt055	09/20/18	30.2301	-88.1123	Coastal	Ttr2	AY997308	Male
17Tt056	09/20/18	30.2670	-88.1280	Coastal	Ttr2	AY997308	Male
17Tt057	09/21/18	30.2300	-88.1140	Coastal	GTtr30	AY997311	Male
17Tt058	09/21/18	30.2300	-88.1140	Coastal	GTtr30	AY997311	Male
17Tt059	09/21/18	30.2309	-88.1136	Offshore	OTtr21	GQ504085	Female
17Tt060	09/21/18	30.2635	-88.1322	Coastal	GTtr30	AY997311	Male
17Tt061	09/23/18	30.2689	-88.1243	Coastal	Ttr2	AY997308	Male
17Tt062	09/23/18	30.2639	-88.1348	Coastal	GTtr30	AY997311	Female
17Tt063	09/24/18	30.2745	-88.1234	Coastal	GTtr30	AY997311	Male
17Tt064	09/25/18	30.2347	-88.1220	Coastal	GTtr30	AY997311	Female
17Tt065	09/26/18	30.2557	-88.0809	Coastal	GTtr30	AY997311	Female
17Tt066	09/26/18	30.2650	-88.0956	Coastal	GTtr30	AY997311	Female
17Tt067	09/26/18	30.2650	-88.0956	Coastal	GTtr30	AY997311	Female
17Tt068	09/26/18	30.2346	-88.1219	Offshore	OTtr21	GQ504085	Female
17Tt069	09/26/18	30.2346	-88.1219	Offshore	OTtr21	GQ504085	Female
17Tt070	09/28/18	30.2219	-88.1010	Offshore	OTtr21	GQ504085	Male
17Tt071	09/28/18	30.2376	-88.0896	Coastal	GTtr45	JN944196	Male
25Tt001	05/24/10	30.2512	-89.0038	Coastal	Ttr16	AY997309	Male
25Tt002=25Tt003	05/24/10	30.1066	-88.9377	Coastal	Ttr16	AY997309	Male
25Tt004	05/24/10	29.9952	-88.8729	Coastal	Ttr16	AY997309	Female
25Tt005	05/24/10	29.9996	-88.8790	Coastal	Ttr16	AY997309	Male
25Tt006	05/26/10	30.1042	-89.1346	Coastal	Ttr16	AY997309	Male
25Tt007	05/26/10	30.0872	-89.1200	Coastal	Ttr16	AY997309	Male
25Tt008	05/27/10	29.8978	-88.8712	Coastal	GTtr30	AY997311	Female
25Tt009	05/27/10	29.8912	-88.8571	Coastal	GTtr30	AY997311	Female
25Tt010	05/27/10	29.8716	-88.8614	Coastal	GTtr30	AY997311	Male
25Tt011=25Tt012	05/28/10	29.9613	-89.0531	Coastal	25Tt011hpl	MT380122	Female
25Tt013	09/14/10	30.1442	-88.9831	Coastal	Ttr16	AY997309	Male
25Tt014	09/14/10	30.0836	-88.9888	Coastal	Ttr16	AY997309	Male
25Tt015	09/14/10	30.0495	-88.9005	Coastal	Ttr16	AY997309	Male
25Tt016=25Tt019	09/15/10	30.2326	-89.1629	Coastal	8Tt182hpl	JN944244	Male
25Tt017	09/15/10	30.1345	-89.2074	Coastal	GTtr30	AY997311	Male
25Tt018	09/15/10	30.0665	-89.1992	Coastal	GTtr30	AY997311	Male
25Tt020	09/16/10	30.3239	-89.1834	Coastal	Ttr16	AY997309	Male
25Tt021	09/16/10	30.3222	-89.1904	Coastal	Ttr2	AY997308	Male
25Tt022	09/17/10	30.1214	-89.2492	Coastal	GTtr58	JN944209	Female
25Tt023	09/17/10	30.0675	-89.2105	Coastal	GTtr30	AY997311	Male
25Tt024	09/17/10	30.0662	-89.1942	Coastal	GTtr30	AY997311	Male
25Tt025	09/17/10	30.0147	-89.2121	Coastal	GTtr30	AY997311	Male
25Tt026	09/18/10	29.9940	-89.2474	Coastal	GTtr30	AY997311	Male
25Tt027	09/18/10	30.1067	-89.2415	Coastal	GTtr30	AY997311	Male
25Tt028	02/08/11	30.2104	-89.1383	Coastal	GTtr30	AY997311	Male
25Tt029	02/08/11	30.1977	-89.1198	Coastal	Ttr2	AY997308	Female
25Tt030	02/08/11	30.1950	-89.2597	Coastal	Ttr16	AY997309	Male
25Tt032	08/20/11	30.0789	-88.9398	Coastal	Ttr16	AY997309	Male
25Tt033	08/20/11	29.8834	-88.8716	Coastal	GTtr30	AY997311	Female
25Tt034	08/20/11	29.8789	-88.9032	Coastal	GTtr58	JN944209	Female
25Tt035	08/21/11	30.1357	-89.2087	Coastal	GTtr58	JN944209	Male
25Tt036	08/21/11	30.1029	-89.1643	Coastal	GTtr18	GQ504051	Male
25Tt037	08/21/11	29.9112	-89.1917	Coastal	25Tt037hpl	MT380123	Male
25Tt038	08/23/11	30.1422	-89.1988	Coastal	16Tt069hpl	MT380113	Female
25Tt039	08/23/11	30.1013	-89.2180	Coastal	GTtr30	AY997311	Female
25Tt040	08/23/11	29.9676	-89.1887	Coastal	GTtr58	JN944209	Female
25Tt041	08/23/11	29.8212	-89.2331	Coastal	GTtr30	AY997311	Male
25Tt042	08/23/11	29.9142	-89.1641	Coastal	GTtr58	JN944209	Female
25Tt043	08/23/11	30.0449	-88.8759	Coastal	Ttr16	AY997309	Male
25Tt044	08/23/11	30.0558	-88.8793	Coastal	Ttr16	AY997309	Male
25Tt045	08/23/11	29.9503	-88.8550	Coastal	GTtr30	AY997311	Male
25Tt046	08/23/11	29.9544	-88.8550	Coastal	GTtr30	AY997311	Female
25Tt047	08/23/11	29.8234	-88.8945	Coastal	GTtr30	AY997311	Male
25Tt048	08/23/11	29.8408	-88.8993	Coastal	GTtr30	AY997311	Male
25Tt049	08/24/11	29.7890	-88.8787	Coastal	GTtr30	AY997311	Female
25Tt050	08/24/11	29.7806	-88.8818	Coastal	GTtr30	AY997311	Male
25Tt051	08/24/11	29.7741	-88.8849	Coastal	GTtr30	AY997311	Male
25Tt052	08/24/11	29.8389	-88.8523	Coastal	Ttr2	AY997308	Female
25Tt053	08/24/11	29.8407	-88.8486	Coastal	GTtr30	AY997311	Female
25Tt054	08/24/11	30.0865	-89.2201	Coastal	GTtr58	JN944209	Female
25Tt055	08/24/11	30.0205	-89.2110	Coastal	GTtr30	AY997311	Male
25Tt056	08/24/11	30.0202	-89.2139	Coastal	GTtr30	AY997311	Male
25Tt057	08/24/11	29.9429	-89.2020	Coastal	GTtr18	GQ504051	Male
25Tt058	08/24/11	29.9139	-89.2150	Coastal	GTtr30	AY997311	Male
25Tt059	08/25/11	30.0111	-89.2116	Coastal	GTtr58	JN944209	Male
25Tt060	08/25/11	29.8881	-88.8468	Coastal	GTtr30	AY997311	Male
25Tt061	08/25/11	29.8174	-88.8726	Coastal	GTtr30	AY997311	Male
25Tt062	08/25/11	29.8102	-88.8797	Coastal	GTtr30	AY997311	Male
25Tt063	08/25/11	29.7401	-88.9079	Coastal	GTtr30	AY997311	Male
25Tt064	08/25/11	29.7280	-88.9204	Coastal	GTtr30	AY997311	Female
25Tt065	01/20/12	30.1143	-89.2378	Coastal	GTtr30	AY997311	Male
25Tt066	01/20/12	29.9979	-89.3087	Coastal	GTtr30	AY997311	Male
25Tt067	01/20/12	29.8805	-89.3162	Coastal	GTtr30	AY997311	Male
25Tt068	01/20/12	30.1449	-89.1733	Coastal	GTtr58	JN944209	Female
25Tt069	01/21/12	30.1626	-89.1967	Coastal	25Tt069hpl	MT380124	Female
25Tt070	01/21/12	29.9061	-89.2621	Coastal	GTtr30	AY997311	Female
25Tt071	01/21/12	29.9145	-89.2241	Coastal	GTtr30	AY997311	Male
25Tt072	01/21/12	29.9642	-89.1738	Coastal	GTtr30	AY997311	Male
25Tt073	01/21/12	30.1134	-89.2268	Coastal	GTtr58	JN944209	Male
25Tt074	01/23/12	30.0708	-89.2065	Coastal	GTtr30	AY997311	Female
25Tt075	01/23/12	30.0021	-89.1904	Coastal	GTtr30	AY997311	Male
25Tt076	01/23/12	29.9803	-89.1986	Coastal	GTtr30	AY997311	Female
25Tt077	01/25/12	30.1368	-89.2316	Coastal	GTtr30	AY997311	Female
25Tt078	01/25/12	30.1253	-89.2535	Coastal	GTtr58	JN944209	Male
25Tt079	01/25/12	30.0562	-89.1945	Coastal	GTtr30	AY997311	Male
25Tt080	01/25/12	30.0714	-89.1826	Coastal	GTtr58	JN944209	Male
25Tt081	01/25/12	30.0734	-89.1868	Coastal	GTtr30	AY997311	Male
25Tt082	01/25/12	30.1098	-89.2828	Coastal	26Tt042hpl	MT380126	Female
25Tt083	01/25/12	29.9893	-89.2609	Coastal	GTtr30	AY997311	Male
25Tt084	01/27/12	29.9273	-89.1607	Coastal	GTtr30	AY997311	Male
25Tt085	01/27/12	29.9139	-89.1574	Coastal	GTtr30	AY997311	Female
25Tt086	01/27/12	29.8664	-89.2286	Coastal	GTtr30	AY997311	Male
25Tt087	01/27/12	29.8922	-89.2146	Coastal	GTtr30	AY997311	Female
25Tt088	01/27/12	29.8992	-89.2112	Coastal	GTtr30	AY997311	Female
25Tt089=25Tt090	01/27/12	29.8584	-89.2627	Coastal	GTtr30	AY997311	Male
25Tt091	01/27/12	29.8290	-89.2432	Coastal	GTtr30	AY997311	Female
25Tt092	01/27/12	30.0734	-89.1742	Coastal	Ttr2	AY997308	Female
25Tt093	01/28/12	29.9268	-89.1410	Coastal	GTtr30	AY997311	Male
25Tt094	01/28/12	29.8406	-89.1557	Coastal	Ttr2	AY997308	Female
25Tt095	01/28/12	29.8768	-89.1839	Coastal	GTtr30	AY997311	Male
25Tt096	01/28/12	29.8895	-89.2421	Coastal	GTtr30	AY997311	Male
25Tt097	01/28/12	29.8718	-89.2705	Coastal	GTtr30	AY997311	Male
25Tt098	01/28/12	29.8080	-89.3036	Coastal	Ttr2	AY997308	Male
25Tt099	01/28/12	29.8028	-89.2962	Coastal	GTtr30	AY997311	Male
25Tt100	01/28/12	29.7584	-89.2867	Coastal	GTtr30	AY997311	Male
25Tt101	01/28/12	29.8251	-89.2421	Coastal	GTtr30	AY997311	Female
27Tt002=27Tt006	05/07/10	30.2364	-88.6584	Offshore	OTtr21	GQ504085	Male
27Tt003	05/08/10	30.3344	-88.5601	Coastal	GTtr45	JN944196	Male
27Tt004	05/08/10	30.2295	-88.7621	Coastal	GTtr45	JN944196	Female
27Tt005	05/08/10	30.2335	-88.7181	Coastal	GTtr45	JN944196	Male
27Tt007	05/15/10	30.2139	-88.4916	Coastal	GTtr45	JN944196	Female
27Tt008	05/16/10	30.3678	-88.5644	Coastal	Ttr2	AY997308	Female
27Tt009	05/17/10	30.2407	-88.7779	Coastal	GTtr45	JN944196	Female
27Tt011	05/17/10	30.1972	-88.4843	Coastal	GTtr45	JN944196	Female
27Tt012	05/17/10	30.1975	-88.4763	Coastal	GTtr45	JN944196	Female
27Tt013=27Tt123	08/27/10	30.3366	-88.5098	Coastal	GTtr45	JN944196	Female
27Tt014	08/27/10	30.3251	-88.5228	Coastal	GTtr45	JN944196	Male
27Tt015	08/28/10	30.3508	-88.5647	Coastal	Ttr2	AY997308	Female
27Tt017	08/31/10	30.2125	-88.5126	Coastal	GTtr30	AY997311	Male
27Tt018	08/31/10	30.2929	-88.5191	Coastal	Ttr2	AY997308	Female
27Tt019	08/31/10	30.2966	-88.5226	Coastal	16Tt200hpl	MT380118	Male
27Tt020	08/31/10	30.3086	-88.5342	Coastal	Ttr16	AY997309	Male
27Tt021	09/09/10	30.2194	-88.5973	Coastal	Ttr16	AY997309	Male
27Tt022	09/09/10	30.2202	-88.6122	Coastal	Ttr16	AY997309	Male
27Tt024	09/09/10	30.2572	-88.7077	Coastal	GTtr45	JN944196	Male
27Tt025	09/09/10	30.2561	-88.6994	Coastal	GTtr45	JN944196	Female
27Tt026	09/09/10	30.2577	-88.7025	Coastal	GTtr45	JN944196	Male
27Tt027	01/27/11	30.2228	-88.5077	Coastal	GTtr45	JN944196	Female
27Tt028	01/27/11	30.1876	-88.4295	Coastal	GTtr45	JN944196	Female
27Tt029	01/28/11	30.3789	-88.9007	Coastal	Ttr2	AY997308	Female
27Tt031=27Tt041	08/11/11	30.3353	-88.5478	Coastal	GTtr45	JN944196	Male
27Tt032	08/11/11	30.3375	-88.5334	Coastal	GTtr30	AY997311	Male
27Tt033	08/11/11	30.1983	-88.4675	Offshore	OTtr21	GQ504085	Male
27Tt034	08/11/11	30.1945	-88.4782	Coastal	GTtr45	JN944196	Male
27Tt035	08/12/11	30.3317	-88.7548	Coastal	Ttr16	AY997309	Female
27Tt036	08/12/11	30.3133	-88.4267	Coastal	27Tt036hpl	MT380127	Male
27Tt037	08/13/11	30.3105	-88.4998	Coastal	GTtr45	JN944196	Male
27Tt038	08/13/11	30.3070	-88.5034	Coastal	16Tt200hpl	MT380118	Male
27Tt039	08/13/11	30.2712	-88.4462	Coastal	GTtr45	JN944196	Male
27Tt040	08/13/11	30.2676	-88.4422	Coastal	GTtr45	JN944196	Male
27Tt043	08/15/11	30.2797	-88.7522	Coastal	Ttr16	AY997309	Female
27Tt044	08/15/11	30.3120	-88.6540	Coastal	GTtr45	JN944196	Male
27Tt045	08/16/11	30.3092	-88.6356	Coastal	Ttr16	AY997309	Female
27Tt046	08/16/11	30.3389	-88.7903	Coastal	Ttr2	AY997308	Male
27Tt047	08/16/11	30.3329	-88.7467	Coastal	Ttr2	AY997308	Male
27Tt048	08/16/11	30.2964	-88.7225	Coastal	Ttr16	AY997309	Female
27Tt049	08/16/11	30.3105	-88.7104	Coastal	Ttr16	AY997309	Male
27Tt050	08/16/11	30.3264	-88.7694	Coastal	Ttr16	AY997309	Female
27Tt051	08/16/11	30.3259	-88.7151	Coastal	Ttr2	AY997308	Male
27Tt052	08/16/11	30.3249	-88.7011	Coastal	Ttr16	AY997309	Female
27Tt053	08/17/11	30.2854	-88.4865	Coastal	Ttr2	AY997308	Male
27Tt054	08/17/11	30.2455	-88.6470	Coastal	GTtr45	JN944196	Female
27Tt055	08/17/11	30.2391	-88.5519	Coastal	GTtr45	JN944196	Male
27Tt056	08/17/11	30.2392	-88.6496	Coastal	GTtr45	JN944196	Male
27Tt057	08/17/11	30.2586	-88.7131	Coastal	GTtr45	JN944196	Female
27Tt058	08/17/11	30.2584	-88.7182	Coastal	GTtr45	JN944196	Male
27Tt059	08/17/11	30.2490	-88.7520	Coastal	GTtr45	JN944196	Male
27Tt060=27Tt091	08/28/11	30.3224	-88.7761	Coastal	Ttr16	AY997309	Male
27Tt061	08/28/11	30.3316	-88.5448	Coastal	GTtr45	JN944196	Female
27Tt062	08/28/11	30.3747	-88.3757	Coastal	GTtr45	JN944196	Male
27Tt063	08/28/11	30.3370	-88.4174	Coastal	GTtr45	JN944196	Male
27Tt064=27Tt065	08/28/11	30.3267	-88.4466	Coastal	GTtr45	JN944196	Male
27Tt066	08/29/11	30.2573	-88.7829	Coastal	Ttr16	AY997309	Male
27Tt067	08/29/11	30.2598	-88.7038	Coastal	GTtr45	JN944196	Female
27Tt069	08/29/11	30.2173	-88.5151	Coastal	GTtr45	JN944196	Male
27Tt070	08/29/11	30.2258	-88.5593	Coastal	GTtr45	JN944196	Male
27Tt072	08/29/11	30.2119	-88.5201	Coastal	GTtr74	MT380135	Female
27Tt074	12/01/11	30.3905	-88.8400	Coastal	GTtr45	JN944196	Male
27Tt075	12/02/11	30.3353	-88.7051	Coastal	GTtr30	AY997311	Female
27Tt076	12/02/11	30.3371	-88.7639	Coastal	Ttr2	AY997308	Male
27Tt077	12/05/11	30.3671	-88.5676	Coastal	GTtr45	JN944196	Male
27Tt078	12/06/11	30.3082	-88.4648	Coastal	GTtr45	JN944196	Female
27Tt079	12/08/11	30.3392	-88.5639	Coastal	GTtr45	JN944196	Male
27Tt080	12/08/11	30.3592	-88.7913	Coastal	GTtr30	AY997311	Male
27Tt081	12/08/11	30.2864	-88.6272	Coastal	Ttr16	AY997309	Female
27Tt082	12/09/11	30.2615	-88.4196	Coastal	GTtr45	JN944196	Male
27Tt083	12/09/11	30.2582	-88.4100	Coastal	26Tt002hpl	MT380125	Male
27Tt084	12/09/11	30.3197	-88.3999	Coastal	GTtr45	JN944196	Male
27Tt085	12/09/11	30.3610	-88.5658	Coastal	Ttr2	AY997308	Male
27Tt086	12/12/11	30.3199	-88.7687	Coastal	GTtr30	AY997311	Female
27Tt087	12/12/11	30.3198	-88.7161	Coastal	27Tt036hpl	MT380127	Female
27Tt088	12/13/11	30.3638	-88.7937	Coastal	Ttr2	AY997308	Male
27Tt089	12/13/11	30.3660	-88.7966	Coastal	GTtr30	AY997311	Male
27Tt090	12/13/11	30.3556	-88.8596	Coastal	Ttr16	AY997309	Female
27Tt092	12/13/11	30.3227	-88.8283	Coastal	Ttr2	AY997308	Male
27Tt093	12/14/11	30.3232	-88.6039	Coastal	GTtr45	JN944196	Male
27Tt094	12/14/11	30.2887	-88.5536	Coastal	GTtr45	JN944196	Male
27Tt095	12/15/11	30.2779	-88.5282	Coastal	GTtr45	JN944196	Male
27Tt096	12/16/11	30.3521	-88.8733	Coastal	Ttr2	AY997308	Female
27Tt097	12/16/11	30.3133	-88.6623	Coastal	GTtr45	JN944196	Male
27Tt098	12/19/11	30.3192	-88.4545	Coastal	GTtr30	AY997311	Female
27Tt099	12/19/11	30.3591	-88.3263	Coastal	GTtr45	JN944196	Male
27Tt100	12/19/11	30.3587	-88.3068	Coastal	27Tt100hpl	MT380128	Male
27Tt101	12/19/11	30.3243	-88.3001	Coastal	GTtr45	JN944196	Male
27Tt102	12/20/11	30.3304	-88.7866	Coastal	Ttr16	AY997309	Female
27Tt103	12/20/11	30.3678	-88.8045	Coastal	Ttr16	AY997309	Female
27Tt104	12/20/11	30.3673	-88.8029	Coastal	Ttr16	AY997309	Female
27Tt105	12/20/11	30.3382	-88.5653	Coastal	GTtr45	JN944196	Male
27Tt106	07/23/13	30.3828	-88.3877	Coastal	Ttr2	AY997308	Female
27Tt107	07/23/13	30.3828	-88.3877	Coastal	Ttr2	AY997308	Female
27Tt108	07/23/13	30.3828	-88.3877	Coastal	Ttr2	AY997308	Female
27Tt111	07/25/13	30.3825	-88.5501	Coastal	GTtr45	JN944196	Male
27Tt112	07/26/13	30.3547	-88.6638	Coastal	GTtr45	JN944196	Male
27Tt113	07/26/13	30.3547	-88.6638	Coastal	GTtr45	JN944196	Male
27Tt114	07/26/13	30.3547	-88.6638	Coastal	GTtr45	JN944196	Male
27Tt115	07/28/13	30.3340	-88.5229	Coastal	Ttr2	AY997308	Male
27Tt116	07/29/13	30.2274	-88.6566	Coastal	GTtr30	AY997311	Male
27Tt118	07/30/13	30.3338	-88.5935	Coastal	GTtr45	JN944196	Female
27Tt119	07/30/13	30.3520	-88.6298	Coastal	GTtr45	JN944196	Male
27Tt120	07/30/13	30.3431	-88.6151	Coastal	16Tt200hpl	MT380118	Female
27Tt121	07/30/13	30.3431	-88.6151	Coastal	GTtr45	JN944196	Female
27Tt122	07/31/13	30.3399	-88.5403	Coastal	GTtr45	JN944196	Female
27Tt124	08/01/13	30.3413	-88.5569	Coastal	GTtr45	JN944196	Male
27Tt125	08/01/13	30.3413	-88.5569	Coastal	GTtr45	JN944196	Male
30Tt005	06/17/10	29.9299	-85.4466	Coastal	Ttr16	AY997309	Male
30Tt008	06/18/10	29.7755	-85.4322	Coastal	Ttr16	AY997309	Female
30Tt035	08/10/10	29.9184	-85.4200	Coastal	Ttr16	AY997309	Female
30Tt036	08/10/10	29.9221	-85.4271	Coastal	Ttr16	AY997309	Male
36Tt051	08/22/16	30.3096	-86.9836	Coastal	Ttr42	JN944242	Male
36Tt052	08/22/16	30.2711	-87.1505	Coastal	GTtr19	AY997307	Male
36Tt053	08/23/16	30.3192	-87.0574	Coastal	Ttr15	GQ504049	Female
36Tt055	08/23/16	30.2778	-87.2208	Coastal	GTtr20	AY997310	Female
36Tt063	08/25/16	30.2505	-87.1979	Coastal	GTtr47	JN944198	Male
8Tt020	09/18/99	29.5038	-86.0136	Offshore	OTtr3	GQ504067	Male
8Tt033	04/12/96	30.2788	-88.4802	Coastal	GTtr45	JN944196	Male
8Tt036	05/29/96	30.2333	-88.5067	Coastal	GTtr45	JN944196	Female
8Tt037	05/29/96	30.1833	-88.5233	Coastal	GTtr45	JN944196	Male
8Tt180	10/29/97	30.2333	-88.7017	Coastal	Ttr16	AY997309	Female
8Tt183	10/29/97	30.2197	-88.6062	Coastal	GTtr30	AY997311	Female
8Tt184	10/29/97	30.2038	-88.5973	Coastal	Ttr16	AY997309	Male
8Tt186	10/29/97	30.1967	-88.4690	Coastal	GTtr45	JN944196	Female
8Tt187	10/30/97	30.2227	-88.6375	Coastal	GTtr45	JN944196	Female
8Tt199	05/20/97	30.2583	-88.6333	Coastal	Ttr16	AY997309	Female
8Tt209	07/07/07	29.5788	-86.0802	Coastal	Ttr16	AY997309	Female
8Tt210	07/07/07	29.5778	-86.0845	Coastal	8Tt210hpl	JN944245	Male
8Tt213=8Tt214	07/09/07	30.3490	-86.6719	Coastal	Ttr16	AY997309	Female
8Tt219	07/09/07	30.2547	-87.2436	Coastal	GTtr19	AY997307	Female
8Tt220=8Tt575	07/10/07	29.8883	-87.2850	Offshore	OTtr3	GQ504067	Male
8Tt222	07/10/07	29.9746	-87.5851	Coastal	GTtr19	AY997307	Male
8Tt223	07/10/07	29.9787	-87.5864	Coastal	Ttr16	AY997309	Male
8Tt224	07/11/07	29.9462	-87.7063	Coastal	GTtr20	AY997310	Female
8Tt225=8Tt226=8Tt540=8Tt541	07/11/07	29.5947	-87.7482	Coastal	Ttr16	AY997309	Male
8Tt227=8Tt583	07/11/07	29.8519	-88.0559	Coastal	GTtr59	JN944210	Female
8Tt228	07/11/07	29.8548	-88.0545	Coastal	Ttr16	AY997309	Female
8Tt229	07/12/07	30.0097	-88.2179	Coastal	Ttr16	AY997309	Male
8Tt230	07/12/07	30.0123	-88.2150	Coastal	Ttr16	AY997309	Male
8Tt231	07/12/07	29.4988	-88.2305	Coastal	Ttr16	AY997309	Female
8Tt233	07/12/07	29.2645	-88.2241	Coastal	GTtr19	AY997307	Male
8Tt234	07/12/07	29.2605	-88.3462	Coastal	Ttr16	AY997309	Male
8Tt235	07/12/07	29.3918	-88.3636	Coastal	Ttr16	AY997309	Female
8Tt236	07/12/07	29.3918	-88.3636	Coastal	Ttr16	AY997309	Female
8Tt237	07/13/07	30.0909	-88.6626	Coastal	Ttr16	AY997309	Female
8Tt238	07/13/07	30.0090	-88.6423	Coastal	Ttr16	AY997309	Female
8Tt240	07/13/07	29.7243	-88.6460	Coastal	Ttr16	AY997309	Male
8Tt263	07/18/07	29.7831	-88.5836	Coastal	Ttr16	AY997309	Female
8Tt264	07/18/07	29.9590	-88.5717	Coastal	Ttr16	AY997309	Female
8Tt265	07/20/07	29.5910	-87.9449	Coastal	Ttr42	JN944242	Male
8Tt267	07/21/07	29.6729	-85.9127	Coastal	GTtr26	GQ504063	Female
8Tt268	07/21/07	29.6794	-85.9110	Coastal	Ttr16	AY997309	Male
8Tt279	07/22/07	30.0628	-86.1303	Coastal	Ttr42	JN944242	Female
8Tt286	07/22/07	30.1732	-86.4573	Coastal	Ttr15	GQ504049	Female
8Tt438	07/12/07	29.5834	-88.2509	Coastal	Ttr16	AY997309	Male
8Tt439	07/12/07	29.5809	-88.2387	Coastal	8Tt210hpl	JN944245	Male
8Tt440	07/12/07	29.5158	-88.2525	Coastal	Ttr16	AY997309	Female
8Tt441	07/13/07	29.9917	-88.6435	Coastal	Ttr16	AY997309	Male
8Tt442	07/13/07	29.8600	-88.6551	Coastal	Ttr16	AY997309	Male
8Tt443	07/13/07	29.7287	-88.6888	Coastal	Ttr16	AY997309	Female
8Tt444	07/13/07	29.4456	-88.6927	Coastal	Ttr16	AY997309	Male
8Tt486	08/05/15	30.2304	-87.2301	Coastal	Ttr15	GQ504049	Female
8Tt491	08/06/15	30.2064	-87.5127	Coastal	Ttr15	GQ504049	Female
8Tt492	08/06/15	30.1967	-87.5865	Coastal	Ttr16	AY997309	Male
8Tt493	08/06/15	29.9993	-87.4985	Offshore	OTtr4	GQ504068	Female
8Tt498	08/07/15	29.8869	-88.3708	Coastal	Ttr16	AY997309	Male
8Tt502	08/09/15	29.8919	-85.8253	Offshore	OTtr3	GQ504067	Male
8Tt504	08/09/15	30.0377	-85.8054	Offshore	OTtr3	GQ504067	Female
8Tt505	08/09/15	30.0437	-85.8081	Offshore	OTtr3	GQ504067	Female
8Tt509	08/10/15	29.9851	-85.6703	Offshore	OTtr4	GQ504068	Female
8Tt515	08/11/15	30.1389	-86.6489	Offshore	OTtr82	MT380136	Male
8Tt516	08/11/15	30.1524	-86.6510	Coastal	Ttr42	JN944242	Male
8Tt517	08/11/15	30.2954	-86.6387	Coastal	Ttr15	GQ504049	Female
8Tt524	08/14/15	30.3420	-86.8688	Coastal	GTtr60	JN944211	Male
8Tt525	08/14/15	30.2888	-87.0750	Offshore	OTtr4	GQ504068	Male
8Tt526	08/14/15	30.2858	-87.0763	Coastal	Ttr42	JN944242	Female
8Tt534	08/22/15	30.0871	-88.1324	Coastal	Ttr16	AY997309	Male
8Tt535	08/22/15	30.0886	-88.1299	Coastal	GTtr45	JN944196	Male
8Tt536	08/22/15	30.0528	-88.0645	Coastal	Ttr16	AY997309	Male
8Tt537	08/22/15	30.0527	-88.0604	Coastal	Ttr16	AY997309	Male
8Tt542	08/24/15	30.0082	-87.6000	Offshore	OTtr4	GQ504068	Female
8Tt543	08/24/15	30.0084	-87.6003	Coastal	Ttr15	GQ504049	Male
8Tt558	08/27/15	30.1230	-86.6216	Offshore	OTtr3	GQ504067	Female
8Tt564	08/28/15	29.9292	-86.0353	Coastal	GTtr20	AY997310	Male
8Tt570	08/29/15	29.9911	-85.8990	Coastal	Ttr15	GQ504049	Male
8Tt576	08/30/15	29.6779	-87.4211	Coastal	GTtr20	AY997310	Female
8Tt577	08/31/15	29.3130	-88.2319	Coastal	GTtr19	AY997307	Female
8Tt578	08/31/15	29.4768	-88.1428	Coastal	GTtr19	AY997307	Male
8Tt579	08/31/15	29.7090	-88.2378	Coastal	8Tt579hpl	MT380129	Male
8Tt580	08/31/15	29.7101	-88.2420	Coastal	GTtr45	JN944196	Male
8Tt581	08/31/15	29.6918	-88.2381	Coastal	Ttr16	AY997309	Male
8Tt582	08/31/15	29.7609	-88.2162	Coastal	Ttr16	AY997309	Male
8Tt584	08/31/15	29.8235	-88.0788	Coastal	Ttr16	AY997309	Female
8Tt585	08/31/15	30.0247	-88.0149	Offshore	OTtr3	GQ504067	Female
8Tt586	08/31/15	30.0288	-88.0161	Offshore	OTtr4	GQ504068	Male
8Tt587	09/01/15	29.8966	-87.8539	Offshore	OTtr82	MT380136	Male
8Tt588	09/01/15	29.5105	-87.5148	Coastal	GTtr71	MT380134	Female
8Tt589	09/02/15	29.5448	-85.5150	Coastal	Ttr16	AY997309	Male
8Tt590	09/02/15	29.5449	-85.5152	Coastal	Ttr2	AY997308	Male
8Tt591	09/02/15	29.5449	-85.5152	Coastal	Ttr2	AY997308	Male
8Tt592	09/03/15	29.8811	-85.6569	Coastal	Ttr42	JN944242	Female
8Tt594	09/03/15	29.9330	-85.5545	Coastal	Ttr15	GQ504049	Male
8Tt667	09/19/18	30.1333	-88.4322	Coastal	8Tt667hpl	MT380130	Male
8Tt668	09/19/18	30.1329	-88.4286	Coastal	GTtr45	JN944196	Male
8Tt669	09/19/18	30.1158	-88.3496	Coastal	GTtr45	JN944196	Female
8Tt670	09/19/18	30.1236	-88.3614	Coastal	GTtr45	JN944196	Female
8Tt671	09/20/18	30.0989	-88.1584	Coastal	Ttr16	AY997309	Female
8Tt673	09/20/18	30.1824	-88.1251	Offshore	OTtr3	GQ504067	Male
8Tt674	09/20/18	30.1291	-88.0865	Coastal	GTtr45	JN944196	Male
8Tt675	09/20/18	30.1640	-88.0767	Coastal	GTtr45	JN944196	Male
8Tt676	09/21/18	30.1788	-87.9338	Coastal	Ttr16	AY997309	Female
8Tt677	09/21/18	30.1789	-87.9349	Coastal	GTtr56	JN944207	Female
8Tt678	09/21/18	30.0557	-87.9468	Offshore	OTtr3	GQ504067	Female
8Tt679	09/21/18	30.0854	-87.8366	Coastal	Ttr16	AY997309	Female
8Tt681	09/21/18	30.1816	-87.9173	Coastal	GTtr56	JN944207	Female
8Tt683	09/22/18	30.1821	-88.1637	Offshore	OTtr82	MT380136	Male
8Tt684	09/22/18	30.1511	-88.3947	Coastal	GTtr45	JN944196	Female
8Tt685	09/28/18	30.0727	-88.6456	Coastal	GTtr45	JN944196	Female
8Tt686	09/28/18	30.0714	-88.6396	Coastal	GTtr45	JN944196	Female
8Tt687	10/04/18	30.1742	-88.6151	Coastal	Ttr16	AY997309	Male
8Tt688	10/04/18	30.1815	-88.6154	Coastal	GTtr45	JN944196	Female
8Tt689	10/05/18	30.1769	-88.5349	Coastal	GTtr45	JN944196	Male
8Tt690=27Tt071	10/05/18	30.1779	-88.5257	Coastal	GTtr45	JN944196	Male
8Tt691	10/05/18	30.1785	-88.6124	Coastal	GTtr45	JN944196	Male
8Tt692	10/05/18	30.1728	-88.6087	Coastal	GTtr45	JN944196	Male
8Tt693	10/16/18	30.1900	-88.2253	Coastal	GTtr45	JN944196	Male
8Tt694	10/16/18	30.1906	-88.2217	Coastal	Ttr16	AY997309	Male
8Tt695	10/16/18	30.1571	-88.0978	Coastal	Ttr16	AY997309	Male
8Tt696	10/16/18	30.1708	-88.1095	Coastal	GTtr54	JN944205	Female
8Tt697	10/16/18	30.2031	-88.1638	Coastal	Ttr16	AY997309	Male
8Tt698	10/29/18	30.1258	-87.9322	Offshore	OTtr82	MT380136	Male
8Tt699	10/29/18	30.1373	-88.0255	Coastal	Ttr16	AY997309	Female
8Tt700	10/29/18	30.1696	-88.0764	Coastal	Ttr16	AY997309	Male
8Tt701	10/29/18	30.1796	-88.0851	Coastal	Ttr16	AY997309	Male
8Tt702	10/30/18	30.1848	-88.2780	Coastal	GTtr54	JN944205	Male
8Tt703	10/30/18	30.1840	-88.2692	Coastal	Ttr2	AY997308	Male
8Tt704	10/30/18	30.1859	-88.2903	Coastal	GTtr45	JN944196	Male
8Tt705	10/30/18	30.1867	-88.2892	Coastal	Ttr2	AY997308	Male
8Tt706	10/30/18	30.1744	-88.3762	Coastal	GTtr45	JN944196	Female
8Tt707	10/30/18	30.1691	-88.3799	Coastal	GTtr45	JN944196	Female
8Tt708	10/30/18	30.1663	-88.3794	Coastal	8Tt708hpl	MT380131	Female
8Tt709	10/30/18	30.1671	-88.5127	Coastal	8Tt709hpl	MT380132	Male
8Tt710	10/30/18	30.1745	-88.5061	Coastal	GTtr45	JN944196	Female
8Tt711	10/31/18	30.1981	-88.6611	Coastal	GTtr45	JN944196	Male
